Denominação Social,CNPJ
BCO BRASIL S.A.,00.000.000/0001-91
BRB BANCO DE BRASILIA S.A.,00.000.208/0001-00
CENTRAIS ELET BRAS S.A. - ELETROBRAS,00.001.180/0001-26
COMPANHIA ENERGÉTICA DE BRASÍLIA - CEB,00.070.698/0001-11
CARAMURU ALIMENTOS S.A.,00.080.671/0001-00
AES BRASIL OPERAÇÕES S.A.,00.194.724/0001-13
"ARMAC LOCAÇÃO, LOGÍSTICA E SERVIÇOS S.A.",00.242.184/0001-04
ATOM EMPREENDIMENTOS E PARTICIPAÇÕES S.A.,00.359.742/0001-08
LM TRANSPORTES INTERESTADUAIS SERVIÇOS E COMÉRCIO S.A.,00.389.481/0001-79
BANCO INTER S.A.,00.416.968/0001-01
STATKRAFT ENERGIAS RENOVAVEIS S.A.,00.622.416/0001-41
AMERICANAS S.A. - EM RECUPERAÇÃO JUDICIAL,00.776.574/0001-56
ENERGISA S.A.,00.864.214/0001-06
CIELO S.A. -  INSTITUIÇÃO DE PAGAMENTO,01.027.058/0001-91
NEOENERGIA S.A.,01.083.200/0001-18
BBM LOGÍSTICA S.A.,01.107.327/0001-20
GAFISA S.A.,01.545.826/0001-07
SEQUOIA LOGÍSTICA E TRANSPORTES S.A.,01.599.101/0001-93
VOTORANTIM CIMENTOS S.A.,01.637.895/0001-32
BRF S.A.,01.838.723/0001-27
LIGHT ENERGIA S.A.,01.917.818/0001-36
CIA PARTICIPACOES ALIANCA DA BAHIA,01.938.783/0001-11
SUL 116 PARTICIPACOES S.A.,01.957.772/0001-89
ELETRORIVER S.A.,01.968.293/0001-68
V. TAL - REDE NEUTRA DE TELECOMUNICAÇÕES S.A.,02.041.460/0001-93
PORTO SEGURO S.A.,02.149.205/0001-69
DEXXOS PARTICIPAÇÕES S.A.,02.193.750/0001-52
CEL PARTICIPAÇÕES S.A. - CELPAR,02.201.787/0001-85
YBYRÁ CAPITAL S.A.,02.217.319/0001-07
UNIFIQUE TELECOMUNICAÇÕES S.A.,02.255.187/0001-08
INEPAR EQUIPAMENTOS E MONTAGENS S/A - EM RECUPERACAO JUDICIA,02.258.422/0001-97
LOCALIZA FLEET S.A.,02.286.479/0001-08
PRODUTORES ENERGET.DE MANSO S.A.- PROMAN,02.291.077/0001-93
EMAE - EMPRESA METROP.AGUAS ENERGIA S.A.,02.302.101/0001-42
TEGMA GESTAO LOGISTICA S.A.,02.351.144/0001-18
LOCAWEB SERVIÇOS DE INTERNET S.A.,02.351.877/0001-52
LIFEMED INDUSTRIAL DE EQUIP. E ART. MEDICOS E HOSP. S.A,02.357.251/0001-53
PADTEC HOLDING S.A.,02.365.069/0001-44
RUMO S.A.,02.387.241/0001-60
TIM S.A.,02.421.421/0001-11
CPFL ENERGIA S.A.,02.429.144/0001-93
ENGIE BRASIL ENERGIA S.A.,02.474.103/0001-19
TELEFÔNICA BRASIL S.A,02.558.157/0001-62
HOSPITAL ANCHIETA S.A.,02.560.878/0001-07
TIM BRASIL SERVIÇOS E PARTICIPAÇÕES S.A.,02.600.854/0001-34
JALLES MACHADO S.A.,02.635.522/0001-95
BRAZILIAN FINANCE E REAL ESTATE S.A.,02.762.113/0001-50
SANTOS BRASIL PARTICIPACOES S.A.,02.762.121/0001-04
COGNA EDUCAÇÃO S.A.,02.800.026/0001-40
CCR S.A.,02.846.056/0001-97
T4F ENTRETENIMENTO S.A.,02.860.694/0001-62
JBS S.A.,02.916.265/0001-60
ARTERIS S.A.,02.919.555/0001-67
HYPERA S.A.,02.932.074/0001-91
PDG REALTY S.A. EMPREEND E PARTICIPACOES,02.950.811/0001-89
RIO PARANAPANEMA ENERGIA S.A.,02.998.301/0001-81
CTEEP - CIA TRANSMISSÃO ENERGIA ELÉTRICA PAULISTA,02.998.611/0001-04
TPI - TRIUNFO PARTICIP. E INVEST. S.A.,03.014.553/0001-91
EQUATORIAL ENERGIA S.A.,03.220.438/0001-73
ORIZON MEIO AMBIENTE S.A.,03.279.285/0001-30
PETRORECÔNCAVO S.A.,03.342.704/0001-30
LIGHT S.A. - EM RECUPERAÇÃO JUDICIAL,03.378.521/0001-75
AMMO VAREJO S.A.,03.494.776/0001-01
INVESTIMENTOS E PARTICIP. EM INFRA S.A. - INVEPAR,03.758.318/0001-24
CLEAR SALE S.A.,03.802.115/0001-98
SABER SERVIÇOS EDUCACIONAIS S.A.,03.818.379/0001-30
BRADESPAR S.A.,03.847.461/0001-92
MARFRIG GLOBAL FOODS S.A.,03.853.896/0001-40
CPFL GERACAO DE ENERGIA S.A.,03.953.509/0001-47
EDP - ENERGIAS DO BRASIL S.A.,03.983.431/0001-03
ATMA PARTICIPAÇÕES S.A. - EM RECUPERAÇÃO JUDICIAL,04.032.433/0001-80
BRZ EMPREENDIMENTOS E CONSTRUÇÕES S.A.,04.065.053/0001-41
SINQIA S.A.,04.065.791/0001-99
BIONEXO S.A.,04.069.709/0001-02
ECORODOVIAS INFRAESTRUTURA E LOGÍSTICA S.A.,04.149.454/0001-80
AGASUS S.A.,04.212.396/0001-91
LIGGA TELECOMUNICAÇÕES S.A.,04.368.865/0001-66
COPEL GERAÇÃO E TRANSMISSÃO S.A.,04.370.282/0001-70
ENEVA S.A,04.423.567/0001-21
BIOMM S.A.,04.752.991/0001-10
METALFRIO SOLUTIONS S.A.,04.821.041/0001-08
GRUPO FARTURA DE HORTIFRUT S.A.,04.972.092/0001-22
SER EDUCACIONAL S.A.,04.986.320/0001-13
HAPVIDA PARTICIPAÇÕES E INVESTIMENTOS S.A.,05.197.443/0001-38
UNIGEL PARTICIPAÇÕES S.A.,05.303.439/0001-07
INTERPLAYERS SOLUÇÕES INTEGRADAS S.A.,05.347.060/0001-07
ALLOS S.A.,05.878.397/0001-32
LIVETECH DA BAHIA INDÚSTRIA E COMÉRCIO S.A.,05.917.486/0001-40
REDE D'OR SÃO LUIZ S.A.,06.047.087/0001-39
GOL LINHAS AEREAS INTELIGENTES S.A.,06.164.253/0001-87
SBF COMÉRCIO DE PRODUTOS ESPORTIVOS S.A.,06.347.409/0001-65
EMPREENDIMENTOS PAGUE MENOS S.A.,06.626.253/0001-51
BR MALLS PARTICIPACOES S.A.,06.977.745/0001-91
BR PROPERTIES S.A.,06.977.751/0001-49
CEMIG GERACAO E TRANSMISSAO S.A.,06.981.176/0001-58
CTC - CENTRO DE TECNOLOGIA CANAVIEIRA S.A.,06.981.381/0001-13
CLARO TELECOM PARTICIPAÇÕES S.A.,07.043.628/0001-13
M.DIAS BRANCO S.A. IND COM DE ALIMENTOS,07.206.816/0001-15
ELDORADO BRASIL CELULOSE S.A.,07.401.436/0001-31
SIMPAR S.A.,07.415.333/0001-20
CINESYSTEM S.A.,07.437.016/0001-05
AMBEV S.A.,07.526.557/0001-00
SMARTFIT ESCOLA DE GINÁSTICA E DANÇA S.A.,07.594.978/0001-78
BRASILAGRO - CIA BRAS DE PROP AGRICOLAS,07.628.528/0001-59
EMBRAER S.A.,07.689.002/0001-89
DATORA PARTICIPAÇÕES E SERVIÇOS S.A.,07.704.246/0001-93
SPRINGS GLOBAL PARTICIPACOES S.A.,07.718.269/0001-57
ESSENTIA PCHS S.A.,07.802.794/0001-56
MULTIPLAN - EMPREEND IMOBILIARIOS S.A.,07.816.890/0001-53
FICA EMPREENDIMENTOS IMOBILIÁRIOS S.A.,07.820.907/0001-46
FOZ DO RIO CLARO ENERGIA S.A.,07.823.262/0001-03
AURA MINERALS INC.,07.857.093/0001-14
"GP INVESTMENTS, LTD.",07.857.850/0001-50
JHSF MALLS S.A.,07.859.510/0001-68
TRANSMISSORA ALIANÇA DE ENERGIA ELÉTRICA S.A.,07.859.971/0001-30
MITRE REALTY EMPREENDIMENTOS E PARTICIPAÇÕES S.A.,07.882.930/0001-65
TECNISA S.A.,08.065.557/0001-12
RAIZEN ENERGIA S.A.,08.070.508/0001-78
LPS BRASIL - CONSULTORIA DE IMOVEIS S.A.,08.078.847/0001-09
IGUA SANEAMENTO S.A.,08.159.965/0001-33
DESKTOP S.A.,08.170.849/0001-15
AURA ALMAS MINERAÇÃO S.A.,08.213.823/0001-07
ALUBAR METAIS E CABOS S.A.,08.262.121/0001-13
JHSF PARTICIPACOES S.A.,08.294.224/0001-65
EZ TEC EMPREEND. E PARTICIPACOES S.A.,08.312.229/0001-73
CERRADINHO BIOENERGIA S.A.,08.322.396/0001-03
MRV ENGENHARIA E PARTICIPACOES S.A.,08.343.492/0001-20
ALUPAR INVESTIMENTO S/A,08.364.948/0001-38
GSH CORP PARTICIPAÇÕES S.A.,08.397.078/0001-01
GUARARAPES CONFECCOES S.A.,08.402.943/0001-52
CPFL ENERGIAS RENOVÁVEIS S.A.,08.439.659/0001-50
CIA MINEIRA DE AÇUCAR E ALCOOL PARTICIPAÇÕES,08.493.364/0001-62
RENOVA ENERGIA S.A. - EM RECUPERAÇÃO JUDICIAL,08.534.605/0001-74
CIA CELG DE PARTICIPACOES - CELGPAR,08.560.444/0001-93
PRÁTICA PRODUTOS S.A.,08.574.411/0001-00
NEXPE PARTICIPAÇÕES S.A,08.613.550/0001-98
GENERAL SHOPPING E OUTLETS DO BRASIL BRASIL S.A.,08.764.621/0001-53
VIRGO COMPANHIA DE SECURITIZAÇÃO,08.769.451/0001-08
2W ECOBANK S.A.,08.773.135/0001-00
BRASILIANA PARTICIPAÇÕES S/A,08.773.191/0001-36
CURY CONSTRUTORA E INCORPORADORA S.A.,08.797.760/0001-83
SYN PROP & TECH S.A.,08.801.621/0001-86
YDUQS PARTICIPACOES S.A.,08.807.432/0001-10
GUARARAPES PAINÉIS S.A.,08.810.422/0001-34
TRISUL S.A.,08.811.643/0001-27
AEGEA SANEAMENTO E PARTICIPAÇÕES S.A.,08.827.501/0001-58
ECORODOVIAS CONCESSÕES E SERVIÇOS S.A.,08.873.873/0001-10
CSN MINERAÇÃO S.A.,08.902.291/0001-15
MULTINER S/A,08.935.054/0001-50
LOG COMMERCIAL PROPERTIES E PARTICIPAÇÕES,09.041.168/0001-10
BEMOBI MOBILE TECH S.A.,09.042.817/0001-05
ELFA MEDICAMENTOS S.A.,09.053.134/0001-45
INBRANDS S.A.,09.054.385/0001-44
OSX BRASIL S.A. - EM RECUPERAÇÃO JUDICIAL,09.112.685/0001-32
OCEANPACT SERVIÇOS MARITIMOS S.A.,09.114.805/0001-30
KALLAS INCORPORAÇÕES E CONSTRUÇÕES S.A.,09.146.451/0001-06
SERENA GERAÇÃO S.A.,09.149.503/0001-06
GPS PARTICIPAÇÕES E EMPREENDIMENTOS S.A.,09.229.201/0001-30
YUNY INCORPORADORA HOLDING S.A.,09.267.996/0001-70
ANIMA HOLDING S.A.,09.288.252/0001-32
TECHNOS S.A.,09.295.063/0001-97
AZUL S.A.,09.305.994/0001-29
"B3 S.A. - BRASIL, BOLSA, BALCÃO",09.346.601/0001-25
ELETROMIDIA S.A.,09.347.516/0001-81
ASA BRANCA HOLDING S.A.,09.359.927/0001-97
ENVIRONMENTAL ESG PARTICIPAÇÕES S.A.,09.527.023/0001-23
INC EMPREENDIMENTOS IMOBILIÁRIOS S.A.,09.611.768/0001-76
W2W E-COMMERCE DE VINHOS S.A.,09.813.204/0001-16
NEOGRID PARTICIPAÇÕES S.A.,10.139.870/0001-08
COMPANHIA DE LOCAÇÃO DAS AMÉRICAS,10.215.988/0001-60
GRUPO DE MODA SOMA S.A.,10.285.590/0001-08
REAG INVESTIMENTOS S.A.,10.452.416/0001-02
URBA DESENVOLVIMENTO URBANO S.A.,10.571.175/0001-02
PRIO S.A.,10.629.105/0001-68
BR ADVISORY PARTNERS PARTICIPAÇÕES S.A.,10.739.356/0001-03
CVC BRASIL OPERADORA E AGÊNCIA DE VIAGENS S.A.,10.760.260/0001-19
BOA SAFRA SEMENTES S.A.,10.807.374/0001-77
FLEX GESTÃO DE RELACIONAMENTOS S.A.-EM RECUPERAÇÃO JUDICIAL,10.851.805/0001-00
YOU INC INCORPORADORA E PARTICIPAÇÃO S.A,11.284.204/0001-18
ORIZON VALORIZAÇÃO DE RESÍDUOS S.A.,11.421.994/0001-36
ENAUTA PARTICIPAÇÕES S.A.,11.669.021/0001-10
ALPER CONSULTORIA E CORRETORA DE SEGUROS S.A.,11.721.921/0001-60
BOA VISTA SERVIÇOS S.A.,11.725.176/0001-27
QUALICORP CONSULTORIA E CORRETORA DE SEGUROS S.A.,11.992.680/0001-93
MOURA DUBEUX ENGENHARIA S/A,12.049.631/0001-84
3R PETROLEUM ÓLEO E GÁS S.A.,12.091.809/0001-55
ONCOCLÍNICAS DO BRASIL SERVIÇOS MÉDICOS S.A.,12.104.241/0004-02
D1000 VAREJO FARMA PARTICIPAÇÕES S.A.,12.108.897/0001-50
MELNICK DESENVOLVIMENTO IMOBILIÁRIO S.A.,12.181.987/0001-77
CM HOSPITALAR S.A,12.420.164/0001-57
AERIS IND. E COM. DE EQUIP. PARA GER. DE ENG. S.A.,12.528.708/0001-07
AMBIPAR PARTICIPAÇÕES E EMPREENDIMENTOS S.A.,12.648.266/0001-24
HIDROVIAS DO BRASIL S.A.,12.648.327/0001-53
GRUPO SBF S.A.,13.217.485/0001-11
KORA SAÚDE PARTICIPAÇÕES S.A.,13.270.520/0001-66
MLOG S.A.,13.444.994/0001-87
RIVA INCORPORADORA S.A,13.457.942/0001-45
SAFIRA HOLDING S.A.,13.522.948/0001-59
ZAMP SA,13.574.594/0001-96
SUGOI S.A.,13.584.310/0001-42
MADERO INDÚSTRIA E COMÉRCIO S.A.,13.783.221/0004-78
MÉLIUZ S.A.,14.110.585/0001-07
GETNINJAS S.A.,14.127.813/0001-51
GRANBIO INVESTIMENTOS S.A.,14.191.427/0001-29
HBR REALTY EMPREENDIMENTOS IMOBILIÁRIOS S.A.,14.785.152/0001-51
SANSUY S.A. INDUSTRIA DE PLASTICOS,14.807.945/0001-24
CBO HOLDING S.A.,14.882.295/0001-81
J. MACEDO S.A.,14.998.371/0001-19
CORREA RIBEIRO S.A. COMERCIO E INDUSTRIA,15.101.405/0001-93
CORREDOR LOGÍSTICA E INFRAESTRUTURA S.A.,15.114.494/0001-02
CIA FERRO LIGAS DA BAHIA - FERBASA,15.141.799/0001-03
CIA SEGUROS ALIANCA DA BAHIA,15.144.017/0001-90
CVLB BRASIL S.A.,16.233.389/0001-55
METANOR SA METANOL DO NE,16.234.171/0001-15
SUZANO S.A.,16.404.287/0001-55
AREZZO INDÚSTRIA E COMÉRCIO S.A.,16.590.234/0001-76
DIRECIONAL ENGENHARIA S.A.,16.614.075/0001-00
LOCALIZA RENT A CAR S.A.,16.670.085/0001-55
HOSPITAL MATER DEI S.A.,16.676.520/0001-59
ALPHAVILLE S.A.,16.811.931/0001-00
XP INVESTIMENTOS S.A.,16.838.421/0001-26
ENJOEI S.A.,16.922.038/0001-51
CIA ENERGETICA DE MINAS GERAIS - CEMIG,17.155.730/0001-64
FIACAO E TECELAGEM SAO JOSE SA EM RECUPERACAO JUDICIAL,17.159.005/0001-64
FINANCEIRA ALFA S.A.- CRED FINANC E INVS,17.167.412/0001-13
BCO MERCANTIL DO BRASIL S.A.,17.184.037/0001-10
CONSORCIO ALFA DE ADMINISTRACAO S.A.,17.193.806/0001-46
CIA FIACAO TECIDOS CEDRO CACHOEIRA,17.245.234/0001-00
CIA SANEAMENTO DE MINAS GERAIS-COPASA MG,17.281.106/0001-03
INTERNATIONAL MEAL COMPANY ALIMENTACAO S.A.,17.314.329/0001-20
BB SEGURIDADE PARTICIPAÇÕES S.A.,17.344.597/0001-94
TECIDOS E ARMARINHOS MIGUEL BARTOLOMEU S.A.,17.359.233/0001-88
FULWOOD S.A.,17.943.792/0001-30
DOTZ S.A.,18.174.270/0001-84
PET CENTER COMÉRCIO E PARTICIPAÇÕES S.A.,18.328.118/0001-09
HUMBERG AGRIBRASIL COMÉRCIO E EXPORTAÇÃO DE GRÃOS S.A.,18.483.666/0001-03
PRINER SERVIÇOS INDUSTRIAIS S.A.,18.593.815/0001-97
HOLDING DO ARAGUAIA S.A.,18.903.785/0001-78
CHINA THREE GORGES BRASIL ENERGIA S.A.,19.014.221/0001-47
BCBF PARTICIPAÇÕES S.A.,19.276.528/0001-16
INSTITUTO HERMES PARDINI S.A.,19.378.769/0001-76
EMCCAMP RESIDENCIAL S.A.,19.403.252/0001-90
CIA INDUSTRIAL CATAGUASES,19.526.748/0001-50
BRISANET PARTICIPAÇÕES S.A.,19.796.586/0001-70
ALLIED TECNOLOGIA S.A.,20.247.322/0001-47
OURO FINO SAUDE ANIMAL PARTICIPACOES S.A.,20.258.278/0001-70
"VITRU BRASIL EMPREENDIMENTOS, PARTICIPAÇÕES E COMÉRCIO S.A.",20.512.706/0001-40
OLIVEIRA TRUST S.A.,21.110.778/0001-23
AGROGALAXY PARTICIPAÇÕES S.A.,21.240.146/0001-84
CIA TECIDOS SANTANENSE,21.255.567/0001-89
MOVIDA PARTICIPACOES SA,21.314.559/0001-66
CREDGRID SERVIÇOS FINANCEIROS S.A.,21.331.849/0001-18
COMPASS GÁS E ENERGIA S.A.,21.389.501/0001-81
CAIXA SEGURIDADE PARTICIPAÇÕES S.A.,22.543.331/0001-00
CIA TECIDOS NORTE DE MINAS COTEMINAS,22.677.520/0001-76
ALMACENES ÉXITO S.A.,23.041.875/0001-37
PATRIMAR ENGENHARIA S.A.,23.236.821/0001-27
"VAMOS LOCAÇÃO DE CAMINHÕES, MÁQUINAS E EQUIPAMENTOS S.A.",23.373.000/0001-32
TRIPLE PLAY BRASIL PARTICIPAÇÕES S.A.,23.438.929/0001-00
PLANO & PLANO DESENVOLVIMENTO IMOBILIÁRIO S.A.,24.230.275/0001-80
BRK AMBIENTAL PARTICIPAÇÕES S.A.,24.396.489/0001-20
NU HOLDINGS LTD.,24.410.913/0001-44
ARGO ENERGIA EMPREENDIMENTOS E PARTICIPAÇÕES S/A,24.624.551/0001-94
BLUEFIT ACADEMIAS DE GINÁSTICA E PARTICIPAÇÕES S.A.,24.921.465/0001-43
GRUPO MATEUS S.A.,24.990.777/0001-09
HOSPITAL CARE CALEDONIA S.A.,25.249.439/0001-83
COMERC PARTICIPAÇÕES S.A.,25.369.840/0001-57
TC S.A.,26.345.998/0001-50
LAVVI EMPREENDIMENTOS IMOBILIÁRIOS S.A.,26.462.693/0001-28
MPM CORPÓREOS S.A.,26.659.061/0001-59
"MILLS LOCAÇÃO, SERVIÇOS E LOGÍSTICA S.A.",27.093.558/0001-15
CONSTRUTORA METROCASA S.A.,27.743.642/0002-18
BANESTES S.A. - BCO EST ESPIRITO SANTO,28.127.603/0001-78
BCO ABC BRASIL S.A.,28.195.667/0001-06
ENERGISA TRANSMISSÃO DE ENERGIA S/A,28.201.130/0001-01
AUREN ENERGIA S.A.,28.594.234/0001-23
SAO CARLOS EMPREEND E PARTICIPACOES S.A.,29.780.061/0001-09
OCEÂNICA ENGENHARIA E CONSULTORIA S.A.,29.980.141/0001-08
TEGRA INCORPORADORA S.A.,30.213.493/0001-09
HAGA S.A. INDUSTRIA E COMERCIO,30.540.991/0001-66
BANCO MODAL S.A.,30.723.886/0001-62
CELEO REDES TRANSMISSÃO DE ENERGIA S.A.,31.001.230/0001-07
MOBLY S.A.,31.553.627/0001-01
ATHENA SAÚDE BRASIL SA,31.701.408/0001-14
VERO S.A.,31.748.174/0001-60
ORIGEM ENERGIA S.A.,32.021.201/0001-61
VIX LOGÍSTICA S.A.,32.681.371/0001-72
NATURA &CO HOLDING S.A.,32.785.497/0001-97
PETROLEO BRASILEIRO S.A. PETROBRAS,33.000.167/0001-01
JOAO FORTES ENGENHARIA S.A. - EM RECUPERAÇÃO JUDICIAL,33.035.536/0001-00
GRUPO CASAS BAHIA S.A.,33.041.260/0652-90
CIA SIDERURGICA NACIONAL,33.042.730/0001-04
MONTEIRO ARANHA S.A.,33.102.476/0001-92
VALID SOLUÇÕES S.A.,33.113.309/0001-47
WILSON SONS S.A.,33.130.691/0001-05
HOTEIS OTHON S.A. - EM RECUPERAÇÃO JUDICIAL,33.200.049/0001-47
WLM PART. E COMÉRCIO DE MÁQUINAS E VEÍCULOS S.A.,33.228.024/0001-51
ULTRAPAR PARTICIPACOES S.A.,33.256.439/0001-39
IRB - BRASIL RESSEGUROS S.A.,33.376.989/0001-91
SONDOTECNICA ENGENHARIA SOLOS S.A.,33.386.210/0001-19
REFINARIA DE PETROLEOS MANGUINHOS S.A.,33.412.081/0001-96
RAÍZEN S.A.,33.453.598/0001-23
TEKNO S.A. - INDUSTRIA E COMERCIO,33.467.572/0001-34
VALE S.A.,33.592.510/0001-54
GERDAU S.A.,33.611.500/0001-19
VIVARA PARTICIPAÇÕES S.A.,33.839.910/0001-11
UNIPAR CARBOCLORO S.A.,33.958.695/0001-78
VIBRA ENERGIA S/A,34.274.233/0001-02
EZ INC INCORPORAÇÕES COMERCIAIS S.A.,35.727.157/0001-06
QUALITY SOFTWARE S.A.,35.791.391/0001-94
INSPIRALI EDUCAÇÃO S.A.,35.822.503/0001-27
BRQ SOLUCOES EM INFORMATICA S.A.,36.542.025/0001-64
AES BRASIL ENERGIA S.A.,37.663.076/0001-07
MONTE RODOVIAS S.A.,37.702.340/0001-74
RIO ENERGY PARTICIPAÇÕES S.A.,38.126.888/0001-86
RIO ALTO ENERGIAS RENOVÁVEIS S.A.,38.199.406/0001-18
"G2D INVESTMENTS, LTD.",38.307.135/0001-77
INFRACOMMERCE CXAAS S.A.,38.456.921/0001-36
ANEMUS WIND HOLDING S.A.,38.482.780/0001-26
AMAZONE FUN PARKS S.A.,38.543.489/0001-10
CENCOSUD BRASIL COMERCIAL S.A.,39.346.861/0350-38
COMPANHIA ESTADUAL DE GERAÇÃO DE ENERGIA ELÉTRICA - CEEE-G,39.881.421/0001-04
HMOBI PARTICIPAÇÕES S.A.,40.159.947/0001-64
SOLVI ESSENCIS AMBIENTAL S.A.,40.263.170/0001-83
TERRA SANTA PROPRIEDADES AGRÍCOLAS S.A.,40.337.136/0001-06
RIO ALTO STL HOLDING I S.A.,40.480.481/0001-02
SOLAR BEBIDAS S.A.,41.052.420/0001-07
CANTU STORE S.A.,41.096.674/0001-19
RODOVIAS DO BRASIL HOLDING S.A.,41.508.382/0001-46
BRASKEM S.A.,42.150.391/0001-70
LOG-IN LOGISTICA INTERMODAL S.A.,42.278.291/0001-24
WIZ CO PARTICIPAÇÕES E CORRETAGEM DE SEGUROS S.A.,42.278.473/0001-03
EMBPAR PARTICIPAÇÕES S/A,42.331.462/0001-31
SERENA ENERGIA S.A.,42.500.384/0001-51
"INTER & CO, INC.",42.737.954/0001-21
ALLIANÇA SAÚDE E PARTICIPAÇÕES S.A.,42.771.949/0001-35
EVEN CONSTRUTORA E INCORPORADORA S.A.,43.470.988/0001-65
AUTOMOB S.A.,43.513.237/0001-89
CLI SUL S.A.,43.514.079/0001-81
LUPO S.A.,43.948.405/0001-69
C&A MODAS S.A.,45.242.914/0001-05
VITTIA S.A.,45.365.558/0001-09
PROFARMA DISTRIB PROD FARMACEUTICOS S.A.,45.453.214/0001-51
BAHEMA EDUCAÇÃO S.A.,45.987.245/0001-92
CIA BRASILEIRA DE DISTRIBUICAO,47.508.411/0001-56
MAGAZINE LUIZA S.A.,47.960.950/0001-21
HELBOR EMPREENDIMENTOS S.A.,49.263.189/0001-02
VESTE S.A. ESTILO,49.669.856/0001-43
BOMBRIL S.A.,50.564.053/0001-03
COSAN S.A.,50.746.577/0001-15
VULCABRAS S.A.,50.926.955/0001-42
NUTRIPLANT INDUSTRIA E COMERCIO S.A.,51.128.999/0001-90
IGUATEMI EMPRESA DE SHOPPING CENTERS S.A,51.218.147/0001-93
SAO MARTINHO S.A.,51.466.860/0001-56
PLASCAR PARTICIPACOES INDUSTRIAIS S.A.,51.928.174/0001-50
JSL S.A.,52.548.435/0001-79
TOTVS S.A.,53.113.791/0001-22
EUCATEX S.A. INDUSTRIA E COMERCIO,56.643.018/0001-66
ROMI S.A.,56.720.428/0001-63
ODONTOPREV S.A.,58.119.199/0001-51
BLAU FARMACÊUTICA S.A.,58.430.828/0001-60
WHIRLPOOL S.A.,59.105.999/0001-86
BCO PAN S.A.,59.285.411/0001-13
TRACK & FIELD CO S.A.,59.418.806/0001-47
MULTILASER INDUSTRIAL S.A.,59.717.553/0001-02
RODOBENS SA,59.981.829/0001-65
PARANAPANEMA S.A. - EM RECUPERAÇÃO JUDICIAL,60.398.369/0004-79
MAHLE-METAL LEVE S.A.,60.476.884/0001-87
SARAIVA LIVREIROS S.A. - EM RECUPERAÇÃO JUDICIAL,60.500.139/0001-26
"ALLPARK EMPREENDIMENTOS, PARTICIPAÇÕES E SERVIÇOS S.A.",60.537.263/0001-66
IGUATEMI S.A.,60.543.816/0001-93
SUZANO HOLDING S.A.,60.651.809/0001-05
UNIÃO QUÍMICA FARMACÊUTICA NACIONAL S.A.,60.665.981/0001-18
CIA MELHORAMENTOS DE SAO PAULO,60.730.348/0001-66
BCO BRADESCO S.A.,60.746.948/0001-12
BCO ALFA DE INVESTIMENTO S.A.,60.770.336/0001-65
FLEURY S.A.,60.840.055/0001-31
BARDELLA S.A. INDUSTRIAS MECANICAS EM RECUPERAÇÃO JUDICIAL,60.851.615/0001-53
ITAU UNIBANCO HOLDING S.A.,60.872.504/0001-23
USINAS SID DE MINAS GERAIS S.A.-USIMINAS,60.894.730/0001-05
CESP - CIA ENERGETICA DE SAO PAULO,60.933.603/0001-78
CONSTRUTORA ADOLPHO LINDENBERG S.A.,61.022.042/0001-18
MANGELS INDUSTRIAL S.A.,61.065.298/0001-02
ROSSI RESIDENCIAL S.A. - EM RECUPERAÇÃO JUDICIAL,61.065.751/0001-80
ALPARGATAS S.A.,61.079.117/0001-05
COBRASMA S.A.,61.080.313/0001-91
MANUFATURA DE BRINQUEDOS ESTRELA S.A.,61.082.004/0001-50
CAMBUCI S.A.,61.088.894/0001-08
ETERNIT S.A. - EM RECUPERAÇÃO JUDICIAL,61.092.037/0001-81
IOCHPE MAXION S.A.,61.156.113/0001-75
SIDERURGICA J. L. ALIPERTI S.A.,61.156.931/0001-78
BANCO BMG S/A,61.186.680/0001-74
MARISA LOJAS S.A.,61.189.288/0001-89
EUROFARMA LABORATÓRIOS S.A.,61.190.096/0001-92
AZEVEDO E TRAVASSOS S.A.,61.351.532/0001-68
BAUMER S.A.,61.374.161/0001-30
COMPANHIA BRASILEIRA DE ALUMÍNIO,61.409.892/0001-73
DIAGNOSTICOS DA AMERICA S.A.,61.486.650/0001-83
ITAÚSA S.A.,61.532.644/0001-15
REDE ENERGIA PARTICIPAÇÕES S.A.,61.584.140/0001-49
RAIA DROGASIL S.A.,61.585.865/0001-51
BCO PINE S.A,62.144.175/0001-20
BCO DAYCOVAL S.A.,62.232.889/0001-90
INTERCEMENT BRASIL S.A.,62.258.884/0001-36
BANCO RCI BRASIL S.A.,62.307.848/0001-15
CRUZEIRO DO SUL EDUCACIONAL S.A.,62.984.091/0001-02
CAMIL ALIMENTOS S.A.,64.904.295/0001-03
RNI NEGÓCIOS IMOBILIÁRIOS S.A.,67.010.660/0001-24
VIVER INCORPORADORA E CONSTRUTORA S.A.,67.571.414/0001-41
MINERVA S.A.,67.620.377/0001-14
CLARANET TECHNOLOGY S.A.,68.400.225/0001-79
ALGAR TELECOM S/A,71.208.516/0001-74
CONSTRUTORA TENDA S.A.,71.476.527/0001-35
NATURA COSMETICOS S.A.,71.673.990/0001-77
CYRELA BRAZIL REALTY S.A.EMPREEND E PART,73.178.600/0001-18
ATACADÃO S.A.,75.315.333/0001-09
UNIDAS LOCAÇÕES E SERVIÇOS S.A.,75.609.123/0001-23
CIA PARANAENSE DE ENERGIA - COPEL,76.483.817/0001-20
OI S.A. - EM RECUPERAÇÃO JUDICIAL,76.535.764/0001-43
INEPAR S.A. INDUSTRIA E CONSTRUCOES EM RECUPERACAO JUDICIAL,76.627.504/0001-06
FARMÁCIA E DROGARIA NISSEI S.A.,79.430.682/0001-22
SENIOR SISTEMAS S.A.,80.680.093/0001-81
POSITIVO TECNOLOGIA S.A.,81.243.735/0001-48
GRANJA FARIA S.A.,81.616.807/0001-55
ALMEIDA JUNIOR SHOPPING CENTERS S.A.,82.120.676/0001-83
TEKA-TECELAGEM KUEHNRICH S.A. - EM RECUPERAÇÃO JUDICIAL,82.636.986/0001-55
KARSTEN S.A.,82.640.558/0001-04
ELECTRO ACO ALTONA S.A.,82.643.537/0001-34
INTELBRAS S.A. IND. DE TELECOMUNICAÇÃO ELETRÔNICA BRASILEIRA,82.901.000/0001-27
CIA INDUSTRIAL SCHLOSSER S.A.,82.981.929/0001-03
TEXTIL RENAUXVIEW S.A.,82.982.075/0001-80
PBG S/A,83.475.913/0001-91
CENTRAIS ELET DE SANTA CATARINA S.A.,83.878.892/0001-55
WEG S.A.,84.429.695/0001-11
TUPY S.A.,84.683.374/0001-49
WETZEL S.A.,84.683.671/0001-94
TIGRE S.A. PARTICIPAÇÕES,84.684.455/0001-63
SCHULZ S.A.,84.693.183/0001-68
METALURGICA RIOSULENSE S.A.,85.778.074/0001-06
METISA METALURGICA TIMBOENSE S.A.,86.375.425/0001-09
POMIFRUTAS S/A EM RECUPERACAO JUDICIAL,86.550.951/0001-50
JOSAPAR-JOAQUIM OLIVEIRA S.A. - PARTICIP,87.456.562/0001-22
CIA HABITASUL DE PARTICIPACOES,87.762.563/0001-03
BORRACHAS VIPAL S.A.,87.870.952/0001-44
FRAS-LE S.A.,88.610.126/0001-29
MUNDIAL S.A. - PRODUTOS DE CONSUMO,88.610.191/0001-54
MARCOPOLO S.A.,88.611.835/0001-29
PETTENATI S.A. INDUSTRIA TEXTIL,88.613.658/0001-10
RANDON S.A. IMPLEMENTOS E PARTICIPACOES,89.086.144/0001-16
SLC AGRICOLA S.A.,89.096.457/0001-55
LUPATECH S.A,89.463.822/0001-12
KLABIN S.A.,89.637.490/0001-45
CONSTRUTORA SULTEPA S.A. - EM RECUPERAÇÃO JUDICIAL,89.723.993/0001-33
GRENDENE S.A.,89.850.341/0001-60
MINUPAR PARTICIPACOES S.A.,90.076.886/0001-40
BCO SANTANDER (BRASIL) S.A.,90.400.888/0001-42
UNICASA INDÚSTRIA DE MÓVEIS S.A.,90.441.460/0001-48
RECRUSUL S.A.,91.333.666/0001-17
KEPLER WEBER S.A.,91.983.056/0001-69
GRAZZIOTIN S.A.,92.012.467/0001-70
TREVISA INVESTIMENTOS S.A.,92.660.570/0001-26
DIMED S.A. DISTRIBUIDORA DE MEDICAMENTOS,92.665.611/0001-77
METALURGICA GERDAU S.A.,92.690.783/0001-09
PANATLANTICA S.A.,92.693.019/0001-89
BCO ESTADO DO RIO GRANDE DO SUL S.A.,92.702.067/0001-96
CIA ESTADUAL DE TRANSMISSÃO DE ENERGIA ELETRICA - CEEE-T,92.715.812/0001-31
LOJAS RENNER S.A.,92.754.738/0001-62
TAURUS ARMAS S.A.,92.781.335/0001-02
IRANI PAPEL E EMBALAGEM S.A.,92.791.243/0001-03
TRÊS TENTOS AGROINDUSTRIAL S/A,94.813.102/0001-70
PACAEMBU CONSTRUTORA S.A.,96.298.013/0001-68
LOJAS QUERO QUERO S.A.,96.418.264/0218-02
CONSERVAS ODERICH S.A.,97.191.902/0001-94
DEXCO S.A.,97.837.181/0001-47
NEUMARKT TRADE AND FINANCIAL CENTER S/A,00.192.769/0001-59
CIMS S.A.,00.272.185/0001-93
TELEC BRASILEIRAS S.A. TELEBRAS,00.336.701/0001-04
BNDES PARTICIPACOES S.A. - BNDESPAR,00.383.281/0001-09
SERRA AZUL WATER PARK SA,00.545.378/0001-70
INVESTCO S.A.,00.644.907/0001-93
LITEL PARTICIPACOES S.A.,00.743.065/0001-27
SANTA CATARINA PART INVEST SA,00.897.864/0001-58
FERROVIA CENTRO-ATLANTICA S.A.,00.924.429/0001-75
CONC RIO-TERESOPOLIS S.A.,00.938.574/0001-05
LINHA AMARELA S.A. - LAMSA,00.974.211/0001-25
CAIXA ADM DIV PUB ESTADUAL SA,00.979.969/0001-56
ELETROBRÁS PARTICIPAÇÕES S.A. - ELETROPAR,01.104.937/0001-70
RUMO MALHA SUL S.A.,01.258.944/0001-26
WTC AMAZONAS SUITE HOTEL S.A.,01.319.044/0001-41
MRS LOGISTICA S.A.,01.417.222/0001-77
EQUATORIAL GOIÁS DISTRIBUIDORA DE ENERGIA S.A.,01.543.032/0001-04
INVESTIMENTOS BEMGE S.A.,01.548.981/0001-79
SANEAMENTO DE GOIAS SA,01.616.929/0001-02
524 PARTICIPACOES S.A.,01.851.771/0001-55
CSU DIGITAL S.A.,01.896.779/0001-38
WTC RIO EMPREEND. E PARTICIPAÇÕES S.A.,01.989.044/0001-59
RGE SUL DISTRIBUIDORA DE ENERGIA S.A.,02.016.440/0001-62
PETRO RIO JAGUAR PETRÓLEO S.A.,02.031.413/0001-69
SUDESTE S.A.,02.062.747/0001-08
UPTICK PARTICIPACOES S.A.,02.162.616/0001-94
TRANSNORDESTINA LOGISTICA SA,02.281.836/0001-37
EDP SÃO PAULO DISTRIBUIÇÃO DE ENERGIA S.A.,02.302.100/0001-06
ELEKTRO REDES S.A.,02.328.280/0001-97
LONGDIS S.A.,02.338.534/0001-58
PROLAGOS S/A - CONC.DE SERVICOS PÚBLICOS DE ÁGUA E ESGOTO,02.382.073/0001-10
ITAPEBI GERACAO DE ENERGIA S.A.,02.397.080/0001-96
CONC ROD.OESTE SP VIAOESTE S.A,02.415.408/0001-50
CONC SIST ANHANG-BANDEIRANT S.A. AUTOBAN,02.451.848/0001-62
RUMO MALHA PAULISTA S.A.,02.502.844/0001-66
TRIÂNGULO DO SOL AUTO-ESTRADAS S.A.,02.509.186/0001-34
CONC ECOVIAS IMIGRANTES S.A.,02.509.491/0001-26
CAPITALPART PARTICIPACOES S.A.,02.591.787/0001-39
TERMINAL GARAGEM MENEZES CORTES S.A.,02.664.042/0001-52
"PAN FINANCEIRA S.A. - CRÉDITO, FINANCIAMENTO E INVESTIMENTO",02.682.287/0001-02
SANESALTO SANEAMENTO S.A.,02.724.983/0001-34
CONFIANZA SECURITIZADORA SA,02.736.470/0001-43
BETAPART PARTICIPACOES S.A.,02.762.124/0001-30
OPEA SECURITIZADORA S.A.,02.773.542/0001-22
ALTERE SECURITIZADORA S.A.,02.783.423/0001-50
GAMA PARTICIPACOES S.A.,02.796.775/0001-40
PROMPT PARTICIPACOES S.A.,02.992.449/0001-09
RODOVIAS DAS COLINAS S.A.,03.025.305/0001-46
CONCESSIONARIA DE RODOVIAS DO INTERIOR PAULISTA S/A,03.207.703/0001-83
DTCOM - DIRECT TO COMPANY S.A.,03.303.999/0001-36
ENERGISA MATO GROSSO-DISTRIBUIDORA DE ENERGIA S/A,03.467.321/0001-99
XX DE NOVEMBRO INVESTIMENTOS E PARTICIPAÇÕES S.A.,03.538.833/0001-07
BRAZILIAN SECURITIES CIA SECURITIZACAO,03.767.538/0001-14
TERMOPERNAMBUCO S.A.,03.795.050/0001-09
BSB ENERGÉTICA S.A.,03.820.456/0001-96
CABINDA PARTICIPACOES S.A.,04.030.182/0001-02
CACONDE PARTICIPACOES S.A.,04.031.213/0001-31
CAIANDA PARTICIPACOES S.A.,04.038.763/0001-82
ÁGUAS GUARIROBA S.A,04.089.570/0001-50
CIA PIRATININGA DE FORCA E LUZ,04.172.213/0001-51
NCF PARTICIPAÇÕES S/A,04.233.319/0001-18
COPEL DISTRIBUIÇÃO S.A.,04.368.898/0001-06
LOCAMÉRICA RENT-A-CAR S.A.,04.437.534/0001-30
USINA TERMELÉTRICA PAMPA SUL S.A.,04.739.720/0001-24
EQUATORIAL PARÁ DISTRIBUIDORA DE ENERGIA S.A.,04.895.728/0001-80
BCO AMAZONIA S.A.,04.902.979/0001-44
PORTUENSE FERRAGENS S/A,04.912.242/0001-02
BCO ESTADO DO PARA S.A.,04.913.711/0001-08
NOVA TRANSPORTADORA DO SUDESTE S.A. - NTS,04.992.714/0001-84
CACHOEIRA PAULISTA TRANSMISSORA ENERGIA S.A.,05.336.882/0001-84
VENTOS DO SUL ENERGIA S.A.,06.016.348/0001-53
SENDAS DISTRIBUIDORA S.A.,06.057.223/0001-71
EQUATORIAL MARANHÃO DISTRIBUIDORA DE ENERGIA S.A.,06.272.793/0001-84
CEMIG DISTRIBUICAO S.A.,06.981.180/0001-16
CAGECE - CIA DE AGUA E ESGOTO DO CEARA,07.040.108/0001-57
CIA ENERGETICA DO CEARA - COELCE,07.047.251/0001-70
SECME - COMPANHIA SECURITIZADORA DE CRÉDITOS IMOBILIÁRIOS,07.119.838/0001-48
BCO NORDESTE DO BRASIL S.A.,07.237.373/0001-20
CARBOMIL SA MINER. E INDUSTRIA,07.253.321/0001-47
PETROLEO LUB DO NORDESTE SA,07.275.159/0001-68
ENERGISA SUL-SUDESTE - DISTRIBUIDORA DE ENERGIA S/A,07.282.377/0001-20
MARINA DE IRACEMA PARK SA,07.334.600/0001-35
AÇO VERDE DO BRASIL S.A,07.636.657/0001-99
DINAMICA ENERGIA S.A.,07.659.538/0001-51
MOVIDA LOCAÇÃO DE VEÍCULOS S.A.,07.976.147/0001-60
CIA ENERGETICA DO RIO GDE NORTE - COSERN,08.324.196/0001-81
TECBLU TECELAGEM BLUMENAU S.A.,08.424.178/0001-71
CIA ESTADUAL DE DISTRIB ENER ELET-CEEE-D,08.467.115/0001-00
MAESTRO LOCADORA DE VEICULOS S.A.,08.795.211/0001-70
CONCESSIONÁRIA DA RODOVIA MG-050 S.A.,08.822.767/0001-08
VISION SECURITIZADORA S.A.,08.937.002/0001-13
TRANSBRASILIANA CONCESSIONÁRIA DE RODOVIA S.A,09.074.183/0001-64
ENERGISA PARAÍBA - DISTRIBUIDORA DE ENERGIA S/A,09.095.183/0001-40
CONPEL CIA NORDESTINA PAPEL - EM RECUPERAÇÃO JUDICIAL,09.116.278/0001-01
FERROVIA NORTE SUL S/A,09.257.877/0001-37
HABITASEC SECURITIZADORA SA,09.304.427/0001-58
AUTOPISTA LITORAL SUL,09.313.969/0001-97
AUTOPISTA FLUMINENSE SA,09.324.949/0001-11
AUTOPISTA PLANALTO SUL SA,09.325.109/0001-73
AUTOPISTA FERNÃO DIAS SA,09.326.342/0001-70
AUTOPISTA REGIS BITTENCOURT SA,09.336.431/0001-06
SANTO ANTONIO ENERGIA S.A.,09.391.823/0001-60
K-INFRA RODOVIA DO AÇO S.A.,09.414.761/0001-64
PDG COMPANHIA SECURITIZADORA,09.538.973/0001-53
MANAUS TRANSMISSORA DE ENERGIA S.A,09.584.854/0001-37
NORTE BRASIL TRANSMISSORA DE ENERGIA S.A.,09.625.321/0001-56
LINHAS DE MACAPÁ TRANSMISSORA DE ENERGIA S/A,10.234.027/0001-00
LINHAS DE XINGU TRANSMISSORA DE ENERGIA S/A,10.240.186/0001-00
CICLUS AMBIENTAL RIO S/A,10.319.900/0001-50
CONCESSÃO METROVIÁRIA DO RIO DE JANEIRO S.A.,10.324.624/0001-18
AFLUENTE TRANSMISSÃO DE ENERGIA ELÉTRICA S/A,10.338.320/0001-00
INFRASEC SECURITIZADORA S.A.,10.488.244/0001-19
TERMELÉTRICA PERNAMBUCO III S.A.,10.502.676/0001-37
CONC AUTO RAPOSO TAVARES S.A.,10.531.501/0001-58
BARI SECURITIZADORA S.A.,10.608.405/0001-60
VIARONDON CONCESSIONÁRIA DE RODOVIA S.A.,10.635.691/0001-53
CONC ROTA DAS BANDEIRAS S.A.,10.647.979/0001-48
VIABAHIA CONCESSIONÁRIA DE RODOVIAS SA,10.670.314/0001-55
CONC RODOVIAS DO TIETÊ S.A.- EM RECUPERAÇÃO JUDICIAL,10.678.505/0001-63
CIA ENERGETICA DE PERNAMBUCO - CELPE,10.835.932/0001-08
CONC ROD AYRTON SENNA E CARV PINTO S.A.-ECOPISTAS,10.841.050/0001-55
BSI CAPITAL SECURITIZADORA S.A.,11.257.352/0001-43
COMPANHIA PAULISTA DE SECURITIZAÇÃO,11.274.829/0001-07
TRX SECURITIZADORA S.A.,11.716.471/0001-17
NORTE ENERGIA S.A.,12.300.288/0001-07
ORE  SECURITIZADORA SA,12.320.349/0001-90
FERREIRA GOMES ENERGIA S.A.,12.489.315/0001-23
MNLT S.A.,12.592.831/0001-89
TCP TERMINAL DE CONTEINERES DE PARANAGUA SA,12.919.786/0001-24
BCO ESTADO DE SERGIPE S.A. - BANESE,13.009.717/0001-46
ENERGISA SERGIPE - DISTRIBUIDORA DE ENERGIA S/A,13.017.462/0001-63
PARANA BCO S.A.,14.388.334/0001-99
WESTWING COMÉRCIO VAREJISTA S.A.,14.776.142/0001-50
GAIA IMPACTO SECURITIZADORA S.A.,14.876.090/0001-93
PPLA PARTICIPATIONS LTD.,15.073.274/0001-88
CONCESSIONARIA ECOVIAS DO ARAGUAIA S.A.,15.090.690/0001-94
TRONOX PIGMENTOS DO BRASIL S.A.,15.115.504/0001-24
BANCO BESA S.A.,15.124.464/0001-87
CIA ELETRICIDADE EST. DA BAHIA - COELBA,15.139.629/0001-94
ENERGISA MATO GROSSO DO SUL - DIST DE ENERGIA S.A.,15.413.826/0001-50
CONCESSIONÁRIA VIARIO S.A.,15.440.708/0001-30
ECO101 CONCESSIONÁRIA DE RODOVIAS S.A.,15.484.093/0001-44
SALUS INFRAESTRUTURA PORTUARIA SA,15.494.541/0001-90
CONC DO AEROPORTO INTERNACIONAL DE GUARULHOS S.A.,15.578.569/0001-06
MBK SECURITIZADORA SA,15.688.041/0001-90
LABORATÓRIO TEUTO BRASILEIRO S.A.,17.159.229/0001-76
MINASMAQUINAS S.A.,17.161.241/0001-15
MENDES JUNIOR ENGENHARIA S.A.,17.162.082/0001-73
EMPRESA BRASILEIRA DE ENGENHARIA E COMÉRCIO S.A. EBEC,17.162.280/0001-37
ALFA HOLDINGS S.A.,17.167.396/0001-69
FTL - FERROVIA TRANSNORDESTINA LOGÍSTICA S.A.,17.234.244/0001-31
PORTO SUDESTE V.M. S.A.,18.494.485/0001-82
CONCEBRA - CONCESSIONARIA DAS RODOVIAS CENTRAIS DO BRASIL,18.572.225/0001-88
ECO050 CONCESSIONÁRIA DE RODOVIAS S.A.,19.208.022/0001-70
CONCESSIONÁRIA ROTA DO OESTE S.A.,19.521.322/0001-04
COMPANHIA ENERGÉTICA SINOP S/A,19.527.586/0001-75
ENERGISA MINAS RIO - DISTRIBUIDORA DE ENERGIA S/A,19.527.639/0001-58
CONCESSIONÁRIA DE RODOVIA SUL-MATOGROSSENSE S.A.,19.642.306/0001-70
CONCESSIONÁRIA BR-040 S.A.,19.726.048/0001-00
LOGOS COMPANHIA SECURITIZADORA S/A,19.851.496/0001-35
ARGO VI TRANSMISSÃO DE ENERGIA S.A.,20.514.555/0001-69
ARGO V TRANSMISSÃO DE ENERGIA S.A.,20.514.590/0001-88
COMPANHIA ITAUNENSE ENERGIA E PARTICIPAÇÕES,21.254.073/0001-80
LEADS CIA. SECURITIZADORA,21.414.457/0001-12
ARGO VII TRANSMISSÃO DE ENERGIA S.A.,21.728.083/0001-00
BTGI QUARTZO PARTICIPAÇÕES S/A,21.948.105/0001-47
BTGI SAFIRA PARTICIPAÇÕES S/A,21.976.510/0001-79
CONCESSIONÁRIA PONTE RIO-NITERÓI S.A. - ECOPONTE,22.163.297/0001-49
COMPANHIA DE GÁS DE MINAS GERAIS - GASMIG,22.261.473/0001-85
FERTILIZANTES HERINGER S.A.,22.266.175/0001-88
RIO PARANA ENERGIA S.A.,23.096.269/0001-19
ARGO TRANSMISSÃO DE ENERGIA S/A,24.624.490/0001-65
RUMO MALHA NORTE S.A.,24.962.466/0001-36
COMPANHIA DE SANEAMENTO DO TOCANTINS - SANEATINS,25.089.509/0001-83
QESTRA TECNOLOGIA ADMINISTRAÇÃO E PARTICIPAÇÕES S.A.,26.072.786/0001-46
TRAVESSIA SECURITIZADORA S.A.,26.609.050/0001-64
ENTREVIAS CONCESSIONÁRIA DE RODOVIAS S.A.,26.664.057/0001-89
EQUATORIAL TRANSMISSORA 7 SPE S.A.,26.845.702/0001-60
TURBI COMPARTILHAMENTO DE VEÍCULOS S.A.,26.982.634/0001-80
CIA SEC CRED FIN CARTÕES CONSIG BMG,27.137.879/0001-74
ÁGUAS DE TERESINA SANEAMENTO SPE S.A.,27.157.474/0001-06
AUZZA SECURITIZADORA S. A.,27.956.690/0001-03
EQUATORIAL TRANSMISSORA 8 SPE S.A.,27.967.244/0001-02
VIAPAULISTA S.A.,28.019.100/0001-89
EDP ESPIRITO SANTO DISTRIBUIÇÃO DE ENERGIA S.A.,28.152.650/0001-71
COMPANHIA ENERGÉTICA JAGUARA,28.925.264/0001-75
COMPANHIA ENERGÉTICA MIRANDA,28.942.127/0001-49
ECORIOMINAS CONCESSIONÁRIA DE RODOVIAS S.A.,29.884.545/0001-90
NORTEC QUÍMICA S.A.,29.950.060/0001-57
BCO BTG PACTUAL S.A.,30.306.294/0001-45
GUARDIAN COMPANHIA SECURITIZADORA,30.788.149/0001-48
CASA DE PEDRA SECURITIZADORA DE CREDITO S/A,31.468.139/0001-98
CONCESSIONÁRIA DAS RODOVIAS INTEGRADAS DO SUL S.A.,32.161.500/0001-00
CREDITAQUI FINANCEIRA S.A. - C.F.I.,33.040.601/0001-87
AMPLA ENERGIA E SERVICOS S.A.,33.050.071/0001-58
CIA PAULISTA DE FORCA E LUZ,33.050.196/0001-88
CIA ESTADUAL DE ÁGUAS E ESGOTOS - CEDAE,33.352.394/0001-04
CIA HIDRO ELÉTRICA DO SÃO FRANCISCO,33.541.368/0001-16
RUMO MALHA CENTRAL S.A.,33.572.408/0001-97
CIA DISTRIB DE GAS DO RIO DE JANEIRO-CEG,33.938.119/0001-69
BCO MERCANTIL DE INVESTIMENTOS S.A.,34.169.557/0001-72
BASE SECURITIZADORA DE CRÉDITOS IMOBILIÁRIOS S.A,35.082.277/0001-95
CIA SECURITIZADORA DE CRED. FIN. CARTÕES CONSIGNADOS II,35.522.178/0001-87
CONCESSIONÁRIA ECOVIAS DO CERRADO S.A.,35.593.905/0001-05
ELEA DIGITAL INFRAESTRUTURA E REDES DE TELECOMUNICAÇÕES S.A.,35.980.592/0001-30
EIXO SP CONCESSIONÁRIA DE RODOVIAS S.A.,36.146.575/0001-64
CONCESSIONÁRIA CATARINENSE DE RODOVIAS S.A.,36.763.716/0001-98
TRAVESSIA SECURITIZADORA DE CRÉDITOS FINANCEIROS S.A.,38.042.694/0001-00
RUMO MALHA OESTE S.A.,39.115.514/0001-28
BRK AMBIENTAL - REGIÃO METROPOLITANA DE MACEIÓ S.A.,39.580.673/0001-01
REFINARIA DE MANAUS S.A.,40.180.943/0001-68
IFIN PARTICIPAÇÕES S.A.,40.593.395/0001-06
PORTO DE VITORIA COMPANHIA SECURITIZADORA DE CREDITOS FINANC,40.997.635/0001-20
MOTTU I S.A,41.335.131/0001-07
VRENTAL LOCAÇÃO DE MÁQUINAS E EQUIPAMENTOS S.A.,41.570.356/0001-48
CONCESSIONARIA ROTA DE SANTA MARIA S.A,41.886.692/0001-02
ALVAREZ & MARSAL INVESTIMENTOS I S.A.,42.233.757/0001-75
RIO+ SANEAMENTO BL 3 S.A.,42.292.007/0001-74
ÁGUAS DO RIO 1 SPE S.A.,42.310.775/0001-03
IGUÁ RIO DE JANEIRO S.A.,42.353.180/0001-35
ÁGUAS DO RIO 4 SPE S.A.,42.644.220/0001-06
KALUNGA S.A,43.283.811/0001-50
TRAVESSIA SECURITIZADORA DE CRÉDITOS MERCANTIS VI S.A.,43.335.774/0001-86
CIA SANEAMENTO BASICO EST SAO PAULO,43.776.517/0001-80
VIA BRASIL BR 163 CONCESSIONÁRIA DE RODOVIAS S.A.,44.067.725/0001-72
CONCESSIONÁRIA DO SISTEMA RODOVIÁRIO RIO-SÃO PAULO S.A,44.319.688/0001-42
ÁGUAS DO SERTÃO S.A.,45.456.117/0001-12
SOCIEDADE ABASTECIMENTO DE ÁGUA E SANEAMENTO S.A - SANASA,46.119.855/0001-37
BRADESCO LEASING S.A. ARREND MERCANTIL,47.509.120/0001-82
NOVA SOCIEDADE DE NAVEGAÇÃO S.A.,47.586.663/0001-01
ALTHAIA S.A. INDÚSTRIA FARMACÊUTICA,48.344.725/0007-19
DORI ALIMENTOS S.A.,52.123.916/0001-32
HAUSCENTER SA,56.444.250/0001-75
BICICLETAS MONARK S.A.,56.992.423/0001-90
POLPAR S.A.,59.789.545/0001-71
LIGHT SERVICOS DE ELETRICIDADE S.A.,60.444.437/0001-46
NORDON INDUSTRIAS METALURGICAS S.A.,60.884.319/0001-59
ELETROPAULO METROP. ELET. SAO PAULO S.A.,61.695.227/0001-93
CIA GAS DE SAO PAULO - COMGAS,61.856.571/0001-17
SAO PAULO TURISMO S.A.,62.002.886/0001-60
COMPANHIA DO METROPOLITANO DE SÃO PAULO - METRÔ,62.070.362/0001-06
DIBENS LEASING S.A. - ARREND.MERCANTIL,65.654.303/0001-73
SNB PARTICIPACOES SA,73.903.718/0001-61
CIA SANEAMENTO DO PARANA - SANEPAR,76.484.013/0001-45
METALGRAFICA IGUACU S.A.,80.227.184/0001-66
CIA CATARINENSE DE AGUAS E SANEAM.-CASAN,82.508.433/0001-17
DOHLER S.A.,84.683.408/0001-03
PORTO PONTA DO FELIX S/A,85.041.333/0001-11
SEIVA S.A. - FLORESTAS E INDÚSTRIAS,87.043.832/0001-73
"DM FINANCEIRA S.A. - CRÉDITO, FINANCIAMENTO E INVESTIMENTO",91.669.747/0001-92
BANRISUL ARMAZENS GERAIS SA,92.721.232/0001-57
HERCULES S.A. FABRICA DE TALHERES,92.749.225/0001-63
CIA RIOGRANDENSE DE SANEAMENTO,92.802.784/0001-90
CEMEPE INVESTIMENTOS S.A.,93.828.986/0001-73
EXCELSIOR ALIMENTOS S.A.,95.426.862/0001-97
